{
  "enableChatLogging": false,
  "chatMessageSayer": "NS2Stats",
  "afkKickIdleTime": 10,
  "killstreaksEnabled": true,
  "tournamentMode": true,
  "motdLine2": "",
  "unstuck": true,
  "motdLine1": "Welcome!",
  "adminSteamIdList": {
    "example": 123456,
    "example2": 234567
  },
  "motdLine3": "",
  "awardsEnabled": true,
  "afkKickPlayersToEnable": 8,
  "maps": [ "ns2_docking", "ns2_eclipse_beta_v05", "ns2_mineshaft", "ns2_refinery", "ns2_summit", "ns2_tram", "ns2_turtle_b2c1", "ns2_veil" ],
  "afkKickEnabled": true,
  "enableELOAutoArrange": true,
  "votemapEnabled": true,
  "enableStatusUpdates": true
}